{"cameraMode":{"drawMode":0,"name":"Shaded","section":"Shading Mode"},"sceneLighting":false,"audioPlay":false,"sceneViewState":{"showFog":true,"showMaterialUpdate":false,"showSkybox":false,"showFlares":true,"showImageEffects":true,"showParticleSystems":true},"in2DMode":false,"pivot":{"x":0.0,"y":0.38903921842575076,"z":1.1920928955078126e-7},"rotation":{"x":-0.06458809971809387,"y":0.7245150804519653,"z":-0.06880701333284378,"w":-0.6831077933311462},"size":7.0128326416015629,"orthographic":false}