{"cameraMode":{"drawMode":0,"name":"Shaded","section":"Shading Mode"},"sceneLighting":true,"audioPlay":false,"sceneViewState":{"showFog":true,"showMaterialUpdate":false,"showSkybox":true,"showFlares":true,"showImageEffects":true,"showParticleSystems":true},"in2DMode":false,"pivot":{"x":20.72724723815918,"y":11.906557083129883,"z":14.41286849975586},"rotation":{"x":-0.07124356180429459,"y":0.6969286203384399,"z":-0.07066655904054642,"w":-0.710425078868866},"size":12.904356956481934,"orthographic":false}